time,current_response_time_percentile_50,current_response_time_percentile_95,current_response_time_average,current_max_response_time,current_min_response_time,current_fail_per_sec,fail_ratio,total_rps,user_count,avg_response_time,current_rps,max_response_time,median_response_time,min_response_time,num_failures,num_requests,custom_cpu_redis-cart,custom_monitored_count_redis-cart,custom_kubernetes_redis-cart_ordered,custom_kubernetes_redis-cart_ready,elapsed,elapsed_min
1619153459.908046,290.0,1300.0,476,1400,11,0.0,0.0,17.0,50,474.21619115224064,17.0,1424.0,290.0,11.0,0,172,5.293376872382765,2,2,2,0.0,0.0
1619153461.9039726,19.0,57.0,24,150,11,0.0,0.0,16.0,50,422.75941937432157,16.0,1424.0,220.0,11.0,0,194,5.293376872382765,2,2,2,1.9959266185760498,0.03326544364293416
1619153463.9436827,17.0,55.0,23,150,11,0.0,0.0,18.2,50,400.91735538912985,18.2,1424.0,150.0,11.0,0,205,5.293376872382765,2,2,2,4.03563666343689,0.0672606110572815
1619153465.9051015,15.0,38.0,17,57,10,0.0,0.0,9.3,50,364.8994837607364,9.3,1424.0,53.0,10.0,0,226,5.293376872382765,2,2,2,5.997055530548096,0.09995092550913492
1619153467.9133217,14.0,35.0,17,57,10,0.0,0.0,9.8,50,337.7751163187988,9.8,1424.0,30.0,10.0,0,245,5.293376872382765,2,2,2,8.00527572631836,0.133421262105306
1619153469.908429,14.0,35.0,17,57,10,0.0,0.0,9.8,50,337.7751163187988,9.8,1424.0,30.0,10.0,0,245,3.3317775585750358,2,2,2,10.000382900238037,0.16667304833730062
1619153471.9109132,14.0,28.0,37,740,10,0.0,0.0,9.3,50,295.9982504017625,9.3,1424.0,22.0,10.0,0,289,3.3317775585750358,2,2,2,12.002867221832275,0.2000477870305379
1619153473.9287207,14.0,39.0,36,740,10,0.0,0.0,9.9,50,276.48995242641575,9.9,1424.0,22.0,10.0,0,311,3.3317775585750358,2,2,2,14.020674705505371,0.23367791175842284
1619153475.915119,14.0,39.0,36,740,10,0.0,0.0,9.9,50,276.48995242641575,9.9,1424.0,22.0,10.0,0,311,3.9439785203633853,2,2,2,16.007072925567627,0.26678454875946045
1619153477.913941,15.0,44.0,36,740,10,0.0,0.0,10.8,50,243.19159705974474,10.8,1424.0,19.0,10.0,0,357,3.9439785203633853,2,2,2,18.005894899368286,0.3000982483228048
1619153479.9158134,15.0,44.0,36,740,10,0.0,0.0,10.8,50,243.19159705974474,10.8,1424.0,19.0,10.0,0,357,3.9439785203633853,2,2,2,20.00776743888855,0.3334627906481425
1619153481.9266655,15.0,32.0,18,54,10,0.0,0.0,10.9,50,220.97512299543,10.9,1424.0,18.0,10.0,0,396,3.9439785203633853,2,2,2,22.018619537353516,0.36697699228922526
1619153483.9237022,16.0,48.0,20,68,10,0.0,0.0,9.9,50,211.01886158559526,9.9,1424.0,19.0,10.0,0,418,3.9439785203633853,2,2,2,24.015656232833862,0.4002609372138977
1619153485.922187,16.0,48.0,20,68,10,0.0,0.0,9.9,50,211.01886158559526,9.9,1424.0,19.0,10.0,0,418,3.2021141722440185,2,2,2,26.014141082763672,0.4335690180460612
1619153487.9220145,18.0,51.0,22,68,12,0.0,0.0,10.6,50,193.31574352526806,10.6,1424.0,19.0,10.0,0,461,3.2021141722440185,2,2,2,28.013968467712402,0.46689947446187335
1619153489.92928,18.0,51.0,21,68,12,0.0,0.0,11.2,50,187.00156528619604,11.2,1424.0,18.0,10.0,0,478,3.7102757441233947,2,2,2,30.021234035491943,0.5003539005915324
1619153491.926935,18.0,51.0,22,68,11,0.0,0.0,10.6,50,179.60994153097272,10.6,1424.0,18.0,10.0,0,500,3.7102757441233947,2,2,2,32.0188889503479,0.5336481491724651
1619153493.9291923,16.0,34.0,18,44,11,0.0,0.0,10.9,50,171.55792929246286,10.9,1424.0,18.0,10.0,0,526,3.7102757441233947,2,2,2,34.021146297454834,0.5670191049575806
1619153495.9296901,16.0,34.0,18,44,11,0.0,0.0,10.9,50,171.55792929246286,10.9,1424.0,18.0,10.0,0,526,3.7102757441233947,2,2,2,36.021644115448,0.6003607352574666
1619153497.93386,15.0,110.0,31,520,11,0.0,0.0,11.0,50,164.7494161085758,11.0,1424.0,18.0,10.0,0,560,3.7102757441233947,2,2,2,38.025814056396484,0.6337635676066081
1619153499.9349377,15.0,110.0,31,520,11,0.0,0.0,11.0,50,164.7494161085758,11.0,1424.0,18.0,10.0,0,560,4.053947271689472,2,2,2,40.02689170837402,0.6671148618062337
1619153501.9369178,15.0,48.0,31,520,11,0.0,0.0,9.8,50,154.2334955843601,9.8,1424.0,17.0,10.0,0,603,4.053947271689472,2,2,2,42.02887177467346,0.7004811962445577
1619153503.9378226,15.0,110.0,32,520,11,0.0,0.0,10.0,50,150.53360191203893,10.0,1424.0,17.0,10.0,0,620,4.053947271689472,2,2,2,44.02977657318115,0.7338296095530192
1619153505.9354298,15.0,110.0,32,520,11,0.0,0.0,10.0,50,150.53360191203893,10.0,1424.0,17.0,10.0,0,620,4.019831065914269,2,2,2,46.02738380432129,0.7671230634053549
1619153507.9414241,18.0,51.0,23,76,11,0.0,0.0,9.2,50,141.65587397640283,9.2,1424.0,18.0,10.0,0,669,4.019831065914269,2,2,2,48.03337812423706,0.8005563020706177
1619153509.944282,19.0,55.0,25,120,11,0.0,0.0,10.4,50,138.7421927920487,10.4,1424.0,18.0,10.0,0,687,4.019831065914269,2,2,2,50.03623604774475,0.8339372674624125
1619153511.9441745,20.0,55.0,26,120,11,0.0,0.0,11.4,50,135.7242400302215,11.4,1424.0,18.0,10.0,0,705,4.019831065914269,2,2,2,52.036128520965576,0.8672688086827596
1619153513.9776092,20.0,55.0,26,120,11,0.0,0.0,11.4,50,135.7242400302215,11.4,1424.0,18.0,10.0,0,705,4.019831065914269,2,2,2,54.069563150405884,0.901159385840098
1619153516.0178998,31.0,62.0,36,130,13,0.0,0.0,9.8,50,131.5605487981145,9.8,1424.0,19.0,10.0,0,741,4.046887865188238,2,2,2,56.109853744506836,0.935164229075114
1619153518.1499703,38.0,73.0,39,130,13,0.0,0.0,10.1,50,129.3879431267312,10.1,1424.0,19.0,10.0,0,761,4.046887865188238,2,2,2,58.24192428588867,0.9706987380981446
1619153519.9495523,41.0,120.0,47,410,13,0.0,0.0,8.7,53,127.09367428841176,8.7,1424.0,19.0,10.0,0,787,3.708474151639321,2,2,2,60.04150629043579,1.0006917715072632
1619153521.9515076,41.0,120.0,47,410,13,0.0,0.0,8.7,53,127.09367428841176,8.7,1424.0,19.0,10.0,0,787,3.708474151639321,2,2,2,62.043461561203,1.0340576926867167
1619153523.9541678,190.0,730.0,254,840,15,0.0,0.0,17.9,100,163.26955956764044,17.9,1424.0,22.0,10.0,0,957,3.708474151639321,2,2,2,64.04612183570862,1.067435363928477
1619153525.9570394,140.0,720.0,235,840,11,0.0,0.0,22.8,100,158.20220154265513,22.8,1424.0,23.0,10.0,0,995,3.6830684487126213,2,2,2,66.04899334907532,1.100816555817922
1619153527.9563138,140.0,720.0,235,840,11,0.0,0.0,22.8,100,158.20220154265513,22.8,1424.0,23.0,10.0,0,995,3.6830684487126213,2,2,2,68.04826784133911,1.134137797355652
1619153529.9581652,37.0,690.0,192,840,11,0.0,0.0,27.0,100,145.543263928834,27.0,1424.0,22.0,10.0,0,1097,4.276924028493076,2,2,2,70.05011916160583,1.167501986026764
1619153531.9536924,37.0,690.0,192,840,11,0.0,0.0,27.0,100,145.543263928834,27.0,1424.0,22.0,10.0,0,1097,4.276924028493076,2,2,2,72.04564642906189,1.2007607738176982
1619153533.9667158,18.0,59.0,23,85,10,0.0,0.0,24.4,100,134.62754235404893,24.4,1424.0,21.0,10.0,0,1204,4.276924028493076,2,2,2,74.05866980552673,1.2343111634254456
1619153535.9576533,18.0,59.0,23,85,10,0.0,0.0,24.4,100,134.62754235404893,24.4,1424.0,21.0,10.0,0,1204,4.276924028493076,2,2,2,76.0496072769165,1.267493454615275
1619153537.9635983,17.0,51.0,22,85,10,0.0,0.0,25.5,100,126.12768457121545,25.5,1424.0,20.0,10.0,0,1301,4.276924028493076,2,2,2,78.0555522441864,1.30092587073644
1619153539.9774458,17.0,51.0,22,85,10,0.0,0.0,25.5,100,126.12768457121545,25.5,1424.0,20.0,10.0,0,1301,4.276924028493076,2,2,2,80.0693998336792,1.3344899972279867
1619153541.9668632,17.0,55.0,22,85,11,0.0,0.0,25.4,100,119.45668039836735,25.4,1424.0,20.0,10.0,0,1389,4.276924028493076,2,2,2,82.05881714820862,1.3676469524701436
1619153543.9641073,17.0,55.0,22,85,11,0.0,0.0,25.4,100,119.45668039836735,25.4,1424.0,20.0,10.0,0,1389,4.276924028493076,2,2,2,84.05606126785278,1.400934354464213
1619153545.9694111,19.0,64.0,25,110,11,0.0,0.0,23.7,100,114.40630590475006,23.7,1424.0,20.0,10.0,0,1476,4.242223086102276,2,2,2,86.06136512756348,1.4343560854593913
1619153547.9734647,21.0,67.0,27,110,11,0.0,0.0,22.9,100,111.56001024443759,22.9,1424.0,20.0,10.0,0,1526,4.242223086102276,2,2,2,88.06541872024536,1.467756978670756
1619153549.9725537,21.0,67.0,27,110,11,0.0,0.0,22.9,100,111.56001024443759,22.9,1424.0,20.0,10.0,0,1526,4.957918242524133,2,2,2,90.06450772285461,1.5010751287142436
1619153551.9812925,20.0,65.0,26,110,11,0.0,0.0,22.2,100,107.18273392186367,22.2,1424.0,20.0,10.0,0,1604,4.957918242524133,2,2,2,92.07324647903442,1.5345541079839071
1619153553.9804645,19.0,63.0,25,110,11,0.0,0.0,21.9,100,104.74448769833103,21.9,1424.0,20.0,10.0,0,1650,4.957918242524133,2,2,2,94.0724184513092,1.5678736408551535
1619153555.9778028,19.0,63.0,25,110,11,0.0,0.0,21.9,100,104.74448769833103,21.9,1424.0,20.0,10.0,0,1650,4.957918242524133,2,2,2,96.06975674629211,1.601162612438202
1619153557.9798546,17.0,40.0,20,74,11,0.0,0.0,22.0,100,100.5353551864418,22.0,1424.0,20.0,10.0,0,1736,4.957918242524133,2,2,2,98.07180857658386,1.6345301429430643
1619153559.9815154,17.0,40.0,20,74,11,0.0,0.0,22.0,100,100.5353551864418,22.0,1424.0,20.0,10.0,0,1736,4.540290751123067,2,2,2,100.07346940040588,1.6678911566734314
1619153561.9842274,17.0,48.0,21,96,11,0.0,0.0,22.4,100,96.50127619206337,22.4,1424.0,20.0,10.0,0,1834,4.540290751123067,2,2,2,102.07618141174316,1.7012696901957194
1619153563.9868143,18.0,51.0,22,96,11,0.0,0.0,21.6,100,94.90884907792012,21.6,1424.0,20.0,10.0,0,1875,4.540290751123067,2,2,2,104.07876825332642,1.7346461375554403
1619153565.995692,17.0,53.0,22,96,11,0.0,0.0,22.8,100,93.57689466184824,22.8,1424.0,19.0,10.0,0,1907,4.595185703170822,2,2,2,106.08764600753784,1.768127433458964
1619153567.9876153,17.0,53.0,22,96,11,0.0,0.0,22.8,100,93.57689466184824,22.8,1424.0,19.0,10.0,0,1907,4.595185703170822,2,2,2,108.0795693397522,1.8013261556625366
1619153569.9918864,17.0,60.0,23,110,11,0.0,0.0,21.7,100,90.25054147742138,21.7,1424.0,19.0,10.0,0,2004,4.595185703170822,2,2,2,110.08384037017822,1.8347306728363038
1619153571.997521,17.0,56.0,23,260,11,0.0,0.0,21.7,100,88.42891110712527,21.7,1424.0,19.0,10.0,0,2062,4.595185703170822,2,2,2,112.08947491645813,1.8681579152743022
1619153573.9977686,17.0,61.0,24,260,11,0.0,0.0,23.1,100,87.56131489931072,23.1,1424.0,19.0,10.0,0,2094,4.595185703170822,2,2,2,114.08972263336182,1.901495377222697
1619153576.0044131,19.0,64.0,27,260,11,0.0,0.0,22.5,100,86.48284972829167,22.5,1424.0,19.0,10.0,0,2138,4.63051304143795,2,2,2,116.0963671207428,1.93493945201238
1619153578.0107615,19.0,64.0,27,260,11,0.0,0.0,22.5,100,86.48284972829167,22.5,1424.0,19.0,10.0,0,2138,4.63051304143795,2,2,2,118.10271549224854,1.9683785915374756
1619153580.0103757,19.0,57.0,26,260,10,0.0,0.0,24.2,115,83.46634990020769,24.2,1424.0,19.0,10.0,0,2241,4.47794663247536,2,2,2,120.10232973098755,2.0017054955164593
1619153581.9989839,19.0,57.0,26,260,10,0.0,0.0,24.2,115,83.46634990020769,24.2,1424.0,19.0,10.0,0,2241,4.47794663247536,2,2,2,122.0909378528595,2.034848964214325
1619153584.0240886,770.0,3500.0,1175,3600,10,0.0,0.0,23.4,500,261.8081641674484,23.4,3606.0,21.0,10.0,0,2493,4.47794663247536,2,2,2,124.11604261398315,2.0686007102330524
1619153586.011143,770.0,3500.0,1175,3600,10,0.0,0.0,23.4,500,261.8081641674484,23.4,3606.0,21.0,10.0,0,2493,4.444571805388339,2,2,2,126.1030969619751,2.101718282699585
1619153588.0134373,1100.0,4100.0,1773,4400,11,0.0,0.0,66.0,500,677.4837416220711,66.0,4378.0,35.0,10.0,0,3381,4.444571805388339,2,2,2,128.1053912639618,2.135089854399363
1619153590.016839,1100.0,4100.0,1773,4400,11,0.0,0.0,66.0,500,677.4837416220711,66.0,4378.0,35.0,10.0,0,3381,4.444571805388339,2,2,2,130.1087930202484,2.168479883670807
1619153592.0147502,900.0,4100.0,1448,4400,10,0.0,0.0,124.5,500,617.5199476193047,124.5,4378.0,33.0,10.0,0,3730,4.444571805388339,2,2,2,132.1067042350769,2.2017784039179484
1619153594.013133,900.0,4100.0,1448,4400,10,0.0,0.0,124.5,500,617.5199476193047,124.5,4378.0,33.0,10.0,0,3730,4.444571805388339,2,2,2,134.10508704185486,2.2350847840309145
1619153596.016519,54.0,1200.0,234,1700,10,0.0,0.0,149.4,500,557.8894339153867,149.4,4378.0,35.0,10.0,0,4175,4.444571805388339,2,2,2,136.10847306251526,2.268474551041921
1619153598.024199,54.0,1200.0,234,1700,10,0.0,0.0,149.4,500,557.8894339153867,149.4,4378.0,35.0,10.0,0,4175,4.444571805388339,2,2,2,138.11615300178528,2.301935883363088
1619153600.0521336,44.0,140.0,56,230,10,0.0,0.0,103.9,500,513.09191478583,103.9,4378.0,39.0,10.0,0,4593,6.570120161445458,2,2,2,140.1440875530243,2.335734792550405
1619153602.0375845,44.0,140.0,56,230,10,0.0,0.0,103.9,500,513.09191478583,103.9,4378.0,39.0,10.0,0,4593,6.570120161445458,2,2,2,142.12953853607178,2.368825642267863
1619153604.119728,59.0,160.0,69,320,11,0.0,0.0,109.1,500,476.30055279447413,109.1,4378.0,42.0,10.0,0,5019,6.570120161445458,2,2,2,144.21168208122253,2.4035280346870422
1619153606.0249567,59.0,160.0,69,320,11,0.0,0.0,109.1,500,476.30055279447413,109.1,4378.0,42.0,10.0,0,5019,6.4691086901718435,2,2,2,146.11691069602966,2.4352818449338276
1619153608.0969198,68.0,220.0,87,410,11,0.0,0.0,104.9,500,448.5124968047241,104.9,4378.0,46.0,10.0,0,5425,6.4691086901718435,2,2,2,148.18887376785278,2.4698145627975463
1619153610.0415835,68.0,220.0,87,410,11,0.0,0.0,104.9,500,448.5124968047241,104.9,4378.0,46.0,10.0,0,5425,6.4691086901718435,2,2,2,150.13353753089905,2.502225625514984
1619153612.048766,90.0,310.0,118,520,14,0.0,0.0,102.5,500,424.5545823262998,102.5,4378.0,51.0,10.0,0,5877,6.4691086901718435,2,2,2,152.14071989059448,2.5356786648432412
1619153614.054595,90.0,310.0,118,520,14,0.0,0.0,102.5,500,424.5545823262998,102.5,4378.0,51.0,10.0,0,5877,6.4691086901718435,2,2,2,154.14654898643494,2.5691091497739156
1619153616.0427868,87.0,340.0,117,520,11,0.0,0.0,103.4,500,403.439721386824,103.4,4378.0,53.0,10.0,0,6286,6.819088512833446,2,2,2,156.13474082946777,2.6022456804911296
1619153618.0350616,87.0,340.0,117,520,11,0.0,0.0,103.4,500,403.439721386824,103.4,4378.0,53.0,10.0,0,6286,6.819088512833446,2,2,2,158.12701559066772,2.635450259844462
1619153620.0367923,58.0,310.0,90,520,11,0.0,0.0,107.0,500,380.8295806453786,107.0,4378.0,51.0,10.0,0,6715,8.491769956673686,2,2,2,160.12874627113342,2.6688124378522238
1619153622.034435,58.0,310.0,90,520,11,0.0,0.0,107.0,500,380.8295806453786,107.0,4378.0,51.0,10.0,0,6715,8.491769956673686,2,2,2,162.12638902664185,2.702106483777364
1619153624.073891,46.0,130.0,57,270,10,0.0,0.0,104.6,500,362.0759493351093,104.6,4378.0,52.0,10.0,0,7142,8.491769956673686,2,2,2,164.16584491729736,2.7360974152882895
1619153626.0473697,46.0,130.0,57,270,10,0.0,0.0,104.6,500,362.0759493351093,104.6,4378.0,52.0,10.0,0,7142,8.491769956673686,2,2,2,166.13932371139526,2.7689887285232544
1619153628.101482,71.0,410.0,119,810,10,0.0,0.0,104.1,500,352.71049416036544,104.1,4378.0,55.0,10.0,0,7562,8.491769956673686,2,2,2,168.1934359073639,2.803223931789398
1619153630.043353,71.0,410.0,119,810,10,0.0,0.0,104.1,500,352.71049416036544,104.1,4378.0,55.0,10.0,0,7562,8.837655163379528,2,2,2,170.13530707359314,2.835588451226552
1619153632.0660777,100.0,440.0,155,810,10,0.0,0.0,105.4,500,341.7579052893644,105.4,4378.0,58.0,10.0,0,7972,8.837655163379528,2,2,2,172.15803170204163,2.8693005283673605
1619153634.0453708,100.0,440.0,155,810,10,0.0,0.0,105.4,500,341.7579052893644,105.4,4378.0,58.0,10.0,0,7972,8.837655163379528,2,2,2,174.13732481002808,2.9022887468338014
1619153637.0496242,160.0,670.0,231,1200,14,0.0,0.0,102.4,500,339.33653410735417,102.4,4378.0,62.0,10.0,0,8375,8.837655163379528,2,2,2,177.14157819747925,2.9523596366246543
1619153638.1433833,160.0,670.0,231,1200,14,0.0,0.0,102.4,500,339.33653410735417,102.4,4378.0,62.0,10.0,0,8375,8.629858425221446,2,2,2,178.23533725738525,2.970588954289754
1619153640.056164,150.0,660.0,221,1200,14,0.0,0.0,102.0,500,331.9876298207632,102.0,4378.0,67.0,10.0,0,8801,8.629858425221446,2,2,2,180.148118019104,3.002468633651733
1619153642.1177998,200.0,740.0,281,1200,24,0.0,0.0,102.4,837,333.7279800097459,102.4,4378.0,68.0,10.0,0,8898,8.629858425221446,2,2,2,182.20975375175476,3.0368292291959125
1619153644.0676303,200.0,740.0,281,1200,24,0.0,0.0,102.4,837,333.7279800097459,102.4,4378.0,68.0,10.0,0,8898,8.629858425221446,2,2,2,184.15958428382874,3.069326404730479
1619153646.0849707,470.0,4600.0,1067,5600,30,0.0,0.0,85.5,1000,395.68829465659496,85.5,5647.0,72.0,10.0,0,9195,8.629858425221446,2,2,2,186.17692470550537,3.1029487450917563
1619153648.18114,1600.0,6600.0,2148,7100,30,0.0,0.0,82.4,1000,480.27633010233205,82.4,7090.0,76.0,10.0,0,9452,8.352237330534194,2,2,2,188.27309393882751,3.1378848989804586
1619153650.5923712,2100.0,7600.0,3824,8000,380,0.0,0.0,86.2,1000,722.1121298773721,86.2,7986.0,85.0,10.0,0,9971,6.34327119725059,2,2,2,190.68432521820068,3.1780720869700114
1619153652.247789,2100.0,7600.0,3824,8000,380,0.0,0.0,86.2,1000,722.1121298773721,86.2,7986.0,85.0,10.0,0,9971,6.34327119725059,2,2,2,192.33974289894104,3.2056623816490175
1619153654.1815422,2600.0,7600.0,3965,8600,600,0.0,0.0,148.7,1000,928.070553461967,148.7,8598.0,98.0,10.0,0,10779,6.34327119725059,2,2,2,194.27349615097046,3.237891602516174
1619153656.0958889,2600.0,7600.0,3965,8600,600,0.0,0.0,148.7,1000,928.070553461967,148.7,8598.0,98.0,10.0,0,10779,6.34327119725059,2,2,2,196.18784284591675,3.269797380765279
1619153658.2648554,2200.0,7600.0,3242,8600,82,0.0,0.0,188.0,1000,973.900381753151,188.0,8598.0,110.0,10.0,0,11372,6.34327119725059,2,2,2,198.3568093776703,3.3059468229611713
1619153660.7542737,2200.0,7600.0,3242,8600,82,0.0,0.0,188.0,1000,973.900381753151,188.0,8598.0,110.0,10.0,0,11372,6.34327119725059,2,2,2,200.84622764587402,3.347437127431234
1619153662.2495673,1900.0,3800.0,2048,6500,82,0.0,0.0,171.3,1000,1017.2738048916116,171.3,8598.0,130.0,10.0,0,11960,6.34327119725059,2,2,2,202.34152126312256,3.3723586877187093
1619153665.4185476,1900.0,3800.0,2048,6500,82,0.0,0.0,171.3,1000,1017.2738048916116,171.3,8598.0,130.0,10.0,0,11960,6.34327119725059,2,2,2,205.5105016231537,3.4251750270525614
1619153668.7999098,2000.0,2600.0,1889,3600,93,0.0,0.0,152.6,1000,1068.7948494232887,152.6,8598.0,160.0,10.0,0,12632,6.34327119725059,2,1,1,208.891863822937,3.4815310637156167
1619153669.6853414,2000.0,2600.0,1909,3400,120,0.0,0.0,153.8,1000,1091.3403901313852,153.8,8598.0,180.0,10.0,0,13047,7.366810715511133,2,1,1,209.77729535102844,3.496288255850474
1619153670.96469,1900.0,2500.0,1716,3400,120,0.0,0.025644804716285923,156.1,1000,1096.5396745084438,156.1,8598.0,210.0,10.0,348,13570,8.389784796627701,2,1,1,211.0566439628601,3.5176107327143353
1619153672.9117982,1600.0,2500.0,1497,3400,120,16.9,0.04500035942779096,169.6,1000,1089.2420578453414,169.6,8598.0,240.0,10.0,626,13911,8.389784796627701,2,1,1,213.0037522315979,3.5500625371932983
1619153674.8320835,1600.0,2500.0,1497,3400,120,16.9,0.04500035942779096,169.6,1000,1089.2420578453414,169.6,8598.0,240.0,10.0,626,13911,8.389784796627701,2,1,1,214.92403745651245,3.582067290941874
1619153677.0239956,1100.0,2400.0,1213,3400,87,84.1,0.08378582720461887,185.7,1000,1091.9401319449769,185.7,8598.0,300.0,10.0,1219,14549,8.389784796627701,2,1,1,217.1159496307373,3.6185991605122885
1619153679.301359,900.0,2600.0,1106,4600,87,91.0,0.10343679232716131,161.8,1000,1100.1570703346017,161.8,8598.0,350.0,10.0,1553,15014,8.389784796627701,2,1,1,219.3933129310608,3.6565552155176797
1619153681.0312128,900.0,2600.0,1106,4600,87,91.0,0.10343679232716131,161.8,1000,1100.1570703346017,161.8,8598.0,350.0,10.0,1553,15014,7.812479255786049,2,1,1,221.1231667995453,3.685386113325755
1619153683.0160408,680.0,2600.0,944,4600,32,158.0,0.13109446419502285,189.7,1000,1071.396687887978,189.7,8598.0,340.0,10.0,2065,15752,7.812479255786049,2,1,1,223.10799479484558,3.718466579914093
1619153685.1130557,680.0,2600.0,944,4600,32,158.0,0.13109446419502285,189.7,1000,1071.396687887978,189.7,8598.0,340.0,10.0,2065,15752,7.812479255786049,2,1,1,225.2050096988678,3.7534168283144633
1619153686.9089417,700.0,2200.0,877,4600,32,123.9,0.12666707265087387,175.7,1000,1067.2021127295093,175.7,8598.0,410.0,10.0,2080,16421,7.812479255786049,2,1,1,227.00089573860168,3.783348262310028
1619153689.0987036,730.0,2000.0,844,3100,32,117.0,0.12449126167105579,201.4,1000,1074.148002081344,201.4,8598.0,440.0,10.0,2080,16708,7.812479255786049,2,1,1,229.19065761566162,3.81984429359436
1619153690.938634,1100.0,2100.0,1059,3100,38,78.3,0.12180125314750835,186.3,1000,1080.8168645359067,186.3,8598.0,480.0,10.0,2080,17077,7.812479255786049,2,1,1,231.03058791160583,3.850509798526764
1619153693.6241696,1100.0,2100.0,1059,3100,38,78.3,0.12180125314750835,186.3,1000,1080.8168645359067,186.3,8598.0,480.0,10.0,2080,17077,7.812479255786049,2,1,1,233.71612358093262,3.8952687263488768
1619153695.320614,1300.0,2100.0,1319,3100,260,4.5,0.1174013659197381,162.2,1000,1090.1747425120702,162.2,8598.0,560.0,10.0,2080,17717,7.812479255786049,2,1,1,235.4125680923462,3.9235428015391034
1619153696.936016,1300.0,2100.0,1319,3100,260,4.5,0.1174013659197381,162.2,1000,1090.1747425120702,162.2,8598.0,560.0,10.0,2080,17717,7.812479255786049,2,1,1,237.0279700756073,3.9504661679267885
1619153699.149098,1400.0,2100.0,1428,3200,66,0.0,0.11344423234251431,164.7,1000,1105.495675241375,164.7,8598.0,630.0,10.0,2080,18335,7.812479255786049,2,1,1,239.24105191230774,3.987350865205129
1619153700.9567976,1400.0,2100.0,1428,3200,66,0.0,0.11344423234251431,164.7,1000,1105.495675241375,164.7,8598.0,630.0,10.0,2080,18335,9.015620627681853,2,1,1,241.0487515926361,4.017479193210602
1619153702.9631827,1700.0,2200.0,1554,3200,61,0.0,0.10977411864048976,163.3,1000,1124.0872208252965,163.3,8598.0,680.0,10.0,2080,18948,9.015620627681853,2,1,1,243.05513668060303,4.0509189446767175
1619153704.9572659,1700.0,2200.0,1554,3200,61,0.0,0.10977411864048976,163.3,1000,1124.0872208252965,163.3,8598.0,680.0,10.0,2080,18948,9.015620627681853,2,1,1,245.04921984672546,4.084153664112091
1619153707.0286162,1900.0,2400.0,1820,2900,61,0.0,0.10641563491251407,153.0,1000,1152.0107509355348,153.0,8598.0,730.0,10.0,2080,19546,9.015620627681853,2,1,1,247.1205701828003,4.118676169713338
1619153708.9863415,1900.0,2400.0,1820,2900,61,0.0,0.10641563491251407,153.0,1000,1152.0107509355348,153.0,8598.0,730.0,10.0,2080,19546,9.015620627681853,2,1,1,249.07829546928406,4.151304924488068
1619153710.9265788,2300.0,2600.0,2051,3000,37,0.0,0.10338999900586539,152.0,1000,1181.6017331466787,152.0,8598.0,790.0,10.0,2080,20118,9.2005581895098,2,1,1,251.01853275299072,4.183642212549845
1619153713.1937568,2300.0,2700.0,2136,3500,37,0.0,0.10168662918601809,145.0,1000,1198.070672855912,145.0,8598.0,820.0,10.0,2080,20455,9.2005581895098,2,1,1,253.285710811615,4.2214285135269165
1619153715.247502,2300.0,2700.0,2136,3500,37,0.0,0.10168662918601809,145.0,1000,1198.070672855912,145.0,8598.0,820.0,10.0,2080,20455,9.2005581895098,2,1,1,255.33945608139038,4.255657601356506
1619153717.2260306,2200.0,2700.0,2023,3500,37,0.0,0.1024619325458944,153.9,1000,1215.5730541200235,153.9,8598.0,890.0,10.0,2160,21081,9.2005581895098,2,1,1,257.31798458099365,4.288633076349894
1619153719.4560199,2100.0,2800.0,2014,3700,53,8.0,0.10121362635302938,150.9,1000,1226.142952678356,150.9,8598.0,910.0,10.0,2160,21341,9.2005581895098,2,1,1,259.5479738712311,4.325799564520518
1619153721.907792,2100.0,2800.0,2014,3700,53,8.0,0.10121362635302938,150.9,1000,1226.142952678356,150.9,8598.0,910.0,10.0,2160,21341,9.407127165445317,2,1,1,261.99974608421326,4.366662434736887
1619153724.0406845,1900.0,3100.0,1985,5000,79,8.0,0.09882417532140733,152.6,1000,1248.5202682316735,152.6,8598.0,960.0,10.0,2160,21857,9.407127165445317,2,1,1,264.13263845443726,4.402210640907287
1619153725.0081992,1900.0,3100.0,1985,5000,79,8.0,0.09882417532140733,152.6,1000,1248.5202682316735,152.6,8598.0,960.0,10.0,2160,21857,9.407127165445317,2,1,1,265.10015320777893,4.418335886796315
1619153727.6664956,2300.0,5000.0,2520,5800,79,8.0,0.0966183574879227,130.8,1000,1289.4197124601665,130.8,8598.0,1000.0,10.0,2160,22356,9.407127165445317,2,1,1,267.75844955444336,4.462640825907389
1619153729.0322864,2300.0,5000.0,2520,5800,79,8.0,0.0966183574879227,130.8,1000,1289.4197124601665,130.8,8598.0,1000.0,10.0,2160,22356,9.407127165445317,2,1,1,269.124240398407,4.485404006640116
1619153731.2635515,2500.0,5300.0,3002,6400,70,0.0,0.09424494960513112,124.2,1000,1336.4567804378694,124.2,8598.0,1100.0,10.0,2160,22919,9.407127165445317,2,1,1,271.3555054664612,4.522591757774353
1619153733.7544606,2500.0,5300.0,3002,6400,70,0.0,0.09424494960513112,124.2,1000,1336.4567804378694,124.2,8598.0,1100.0,10.0,2160,22919,9.407127165445317,2,1,1,273.84641456604004,4.564106909434001
1619153735.1366765,2700.0,5200.0,2954,6400,70,0.0,0.10556565101635465,129.8,1000,1377.9936792933174,129.8,8598.0,1100.0,10.0,2498,23663,9.407127165445317,2,1,1,275.2286305427551,4.587143842379252
1619153737.1375346,2400.0,5200.0,2642,6400,70,8.4,0.1043877977434183,135.5,1000,1377.1528827341726,135.5,8598.0,1100.0,10.0,2498,23930,9.407127165445317,2,1,1,277.2294886112213,4.620491476853688
1619153739.445675,2400.0,5200.0,2642,6400,70,8.4,0.1043877977434183,135.5,1000,1377.1528827341726,135.5,8598.0,1100.0,10.0,2498,23930,9.407127165445317,2,1,1,279.53762888908386,4.658960481484731
1619153741.0680525,2000.0,4500.0,2204,5900,120,33.8,0.10212174481828216,156.4,1000,1391.9082677646613,156.4,8598.0,1100.0,10.0,2498,24461,9.277609960906354,2,1,1,281.1600065231323,4.686000108718872
1619153742.9863622,2000.0,4500.0,2204,5900,120,33.8,0.10212174481828216,156.4,1000,1391.9082677646613,156.4,8598.0,1100.0,10.0,2498,24461,9.277609960906354,2,1,1,283.07831621170044,4.717971936861674
1619153745.1493142,1500.0,3900.0,1771,5900,130,33.8,0.09918602342664284,161.2,1000,1401.5958226651785,161.2,8598.0,1200.0,10.0,2498,25185,9.277609960906354,2,1,1,285.241268157959,4.754021135965983
1619153746.955688,1500.0,3900.0,1771,5900,130,33.8,0.09918602342664284,161.2,1000,1401.5958226651785,161.2,8598.0,1200.0,10.0,2498,25185,9.277609960906354,2,1,1,287.04764199256897,4.784127366542816
1619153749.2519658,1600.0,3700.0,1815,5900,130,0.0,0.0970172440577909,153.4,1000,1408.374638603138,153.4,8598.0,1200.0,10.0,2498,25748,9.277609960906354,1,1,1,289.3439197540283,4.822398662567139
1619153750.9523327,1600.0,3700.0,1815,5900,130,0.0,0.0970172440577909,153.4,1000,1408.374638603138,153.4,8598.0,1200.0,10.0,2498,25748,9.4094653725051,1,1,1,291.0442867279053,4.850738112131754
1619153752.980346,1800.0,2500.0,1738,3400,130,0.0,0.09482594996773336,161.5,1000,1421.3530030777501,161.5,8598.0,1300.0,10.0,2498,26343,9.4094653725051,1,1,1,293.0722999572754,4.884538332621257
1619153755.0613835,1800.0,2500.0,1738,3400,130,0.0,0.09482594996773336,161.5,1000,1421.3530030777501,161.5,8598.0,1300.0,10.0,2498,26343,9.4094653725051,1,1,1,295.1533374786377,4.9192222913106285
1619153756.9785612,2100.0,2800.0,2056,4200,190,0.0,0.09253908275913166,142.1,1000,1441.1155632135024,142.1,8598.0,1300.0,10.0,2498,26994,7.056239748359037,1,1,1,297.07051515579224,4.951175252596538
1619153759.0723217,2100.0,2800.0,2011,4200,120,0.0,0.09129115959507364,149.3,1000,1443.8676963699593,149.3,8598.0,1300.0,10.0,2498,27363,7.056239748359037,1,1,1,299.1642756462097,4.986071260770162
1619153761.20771,2100.0,2800.0,2011,4200,120,0.0,0.09129115959507364,149.3,1000,1443.8676963699593,149.3,8598.0,1300.0,10.0,2498,27363,7.056239748359037,1,1,1,301.29966402053833,5.0216610670089725
1619153763.1949046,1800.0,2800.0,1723,4200,56,18.9,0.09603631294899746,175.1,1000,1439.4744231776942,175.1,8598.0,1300.0,10.0,2687,27979,7.056239748359037,1,1,1,303.2868585586548,5.05478097597758
1619153765.1807446,1800.0,2800.0,1723,4200,56,18.9,0.09603631294899746,175.1,1000,1439.4744231776942,175.1,8598.0,1300.0,10.0,2687,27979,7.056239748359037,1,1,1,305.27269864082336,5.08787831068039
1619153767.0237725,1500.0,3400.0,1517,4300,56,18.9,0.09430717394356311,163.5,1000,1445.4722967757878,163.5,8598.0,1300.0,10.0,2687,28492,7.056239748359037,1,1,1,307.11572647094727,5.118595441182454
1619153769.0579488,1200.0,4300.0,1660,5100,56,18.9,0.0935031492500957,156.5,1000,1454.1389978248258,156.5,8598.0,1300.0,10.0,2687,28737,7.056239748359037,1,1,1,309.14990282058716,5.152498380343119
1619153771.8264468,1200.0,4300.0,1660,5100,56,18.9,0.0935031492500957,156.5,1000,1454.1389978248258,156.5,8598.0,1300.0,10.0,2687,28737,10.001956077782518,1,1,1,311.91840076446533,5.198640012741089
1619153774.0510244,1300.0,5600.0,2335,6600,43,0.0,0.09201424559961646,120.7,1000,1476.1993513436453,120.7,8598.0,1300.0,10.0,2687,29202,10.001956077782518,1,1,1,314.1429784297943,5.235716307163239
1619153775.1872473,1300.0,5600.0,2335,6600,43,0.0,0.09201424559961646,120.7,1000,1476.1993513436453,120.7,8598.0,1300.0,10.0,2687,29202,10.001956077782518,1,1,1,315.2792012691498,5.254653354485829
1619153777.7463858,1400.0,6700.0,3094,7300,41,0.0,0.09061783353568056,120.8,1000,1510.0583791032443,120.8,8598.0,1300.0,10.0,2687,29652,10.001956077782518,1,1,1,317.838339805603,5.297305663426717
1619153781.8526113,2600.0,6800.0,3542,7500,41,0.0,0.09303412809724171,115.3,1000,1534.5725140522586,115.3,8598.0,1300.0,10.0,2786,29946,10.001956077782518,1,1,1,321.9445652961731,5.365742754936218
1619153783.5295777,3100.0,6900.0,3578,8100,41,7.4,0.10035771717370615,117.3,1000,1564.8594730608268,117.3,8598.0,1400.0,10.0,3058,30471,10.001956077782518,1,1,1,323.6215317249298,5.393692195415497
1619153785.8056796,3100.0,6900.0,3578,8100,41,7.4,0.10035771717370615,117.3,1000,1564.8594730608268,117.3,8598.0,1400.0,10.0,3058,30471,10.001956077782518,1,1,1,325.89763355255127,5.431627225875855
1619153787.459215,2900.0,6900.0,3284,8100,180,37.1,0.09895479403294179,136.8,1000,1579.5927541347032,136.8,8598.0,1400.0,10.0,3058,30903,10.001956077782518,1,1,1,327.5511689186096,5.459186148643494
1619153788.9992218,2900.0,6900.0,3284,8100,180,37.1,0.09895479403294179,136.8,1000,1579.5927541347032,136.8,8598.0,1400.0,10.0,3058,30903,10.001956077782518,1,1,1,329.09117579460144,5.484852929910024
1619153790.1368706,2800.0,5000.0,2836,8100,190,37.1,0.09727391290517542,136.8,1000,1606.5856940167962,136.8,8598.0,1400.0,10.0,3058,31437,10.001956077782518,1,1,1,330.2288246154785,5.503813743591309
1619153792.4728549,2800.0,5000.0,2836,8100,190,37.1,0.09727391290517542,136.8,1000,1606.5856940167962,136.8,8598.0,1400.0,10.0,3058,31437,6.130884974868028,1,1,1,332.56480884552,5.542746814092
1619153794.1876428,3400.0,5100.0,3012,6900,140,0.0,0.09535986029686916,125.7,1000,1632.2358023303887,125.7,8598.0,1400.0,10.0,3058,32068,6.130884974868028,1,1,1,334.2795968055725,5.5713266134262085
1619153796.131888,3400.0,5100.0,3012,6900,140,0.0,0.09535986029686916,125.7,1000,1632.2358023303887,125.7,8598.0,1400.0,10.0,3058,32068,6.130884974868028,1,1,1,336.2238419055939,5.603730698426564
1619153798.1179912,2000.0,4800.0,2422,6500,140,16.0,0.09834264261514514,152.7,1000,1635.5098117238085,152.7,8598.0,1400.0,10.0,3222,32763,6.130884974868028,1,1,1,338.2099452018738,5.636832420031229
1619153800.4739592,2000.0,4800.0,2422,6500,140,16.0,0.09834264261514514,152.7,1000,1635.5098117238085,152.7,8598.0,1400.0,10.0,3222,32763,5.9431991267446636,1,1,1,340.5659132003784,5.67609855333964
1619153802.2552626,1500.0,4200.0,1828,5100,140,16.4,0.09665516724163792,160.0,1000,1633.0249828593091,160.0,8598.0,1400.0,10.0,3222,33335,5.9431991267446636,1,1,1,342.34721660614014,5.705786943435669
1619153804.024339,1400.0,3500.0,1674,5100,300,16.4,0.09578452940127237,157.9,1000,1634.6511183011103,157.9,8598.0,1400.0,10.0,3222,33638,5.9431991267446636,1,1,1,344.1162929534912,5.735271549224853
1619153806.186515,1400.0,3500.0,1674,5100,300,16.4,0.09578452940127237,157.9,1000,1634.6511183011103,157.9,8598.0,1400.0,10.0,3222,33638,5.9431991267446636,1,1,1,346.27846908569336,5.771307818094889
1619153808.1733534,1600.0,3200.0,1777,4000,500,0.4,0.09395777440802519,149.4,1000,1639.2613804034047,149.4,8598.0,1400.0,10.0,3222,34292,5.9431991267446636,1,1,1,348.26530742645264,5.804421790440878
1619153810.107722,1600.0,3200.0,1777,4000,500,0.4,0.09395777440802519,149.4,1000,1639.2613804034047,149.4,8598.0,1400.0,10.0,3222,34292,5.9431991267446636,1,1,1,350.1996760368347,5.836661267280578
1619153812.0703666,1800.0,3200.0,1867,4200,77,0.0,0.09230769230769231,153.2,1000,1643.319084996414,153.2,8598.0,1500.0,10.0,3222,34905,5.9431991267446636,1,1,1,352.1623206138611,5.869372010231018
1619153814.1998723,1800.0,3200.0,1867,4200,77,0.0,0.09230769230769231,153.2,1000,1643.319084996414,153.2,8598.0,1500.0,10.0,3222,34905,5.9431991267446636,1,1,1,354.29182624816895,5.904863770802816
1619153816.4525886,1800.0,2700.0,1785,4200,77,0.0,0.09067116926973406,159.4,1000,1644.3134435009201,159.4,8598.0,1500.0,10.0,3222,35535,5.9431991267446636,1,1,1,356.54454255104065,5.942409042517344
1619153818.961371,1800.0,2700.0,1785,4200,77,0.0,0.09067116926973406,159.4,1000,1644.3134435009201,159.4,8598.0,1500.0,10.0,3222,35535,5.9431991267446636,1,1,1,359.05332493782043,5.984222082297007
1619153820.3331513,1700.0,2700.0,1787,4200,130,0.0,0.08903996020560438,150.7,1000,1647.6079071502866,150.7,8598.0,1500.0,10.0,3222,36186,6.515843099831461,1,1,1,360.42510533332825,6.007085088888804
1619153822.107395,1700.0,2700.0,1787,4200,130,0.0,0.08903996020560438,150.7,1000,1647.6079071502866,150.7,8598.0,1500.0,10.0,3222,36186,6.515843099831461,1,1,1,362.1993489265442,6.036655815442403
1619153824.2113695,1600.0,2500.0,1490,3900,24,0.0,0.08768301311707397,163.0,500,1638.2650906585907,163.0,8598.0,1500.0,10.0,3222,36746,6.515843099831461,1,1,1,364.30332350730896,6.0717220584551495
1619153826.1376016,1600.0,2500.0,1490,3900,24,0.0,0.08768301311707397,163.0,500,1638.2650906585907,163.0,8598.0,1500.0,10.0,3222,36746,6.515843099831461,1,1,1,366.22955560684204,6.103825926780701
1619153828.0045419,850.0,2300.0,936,3900,21,0.0,0.08669213797556907,146.9,500,1621.5266922074793,146.9,8598.0,1500.0,10.0,3222,37166,6.515843099831461,1,1,1,368.0964958667755,6.134941597779592
1619153830.0683057,850.0,2300.0,936,3900,21,0.0,0.08669213797556907,146.9,500,1621.5266922074793,146.9,8598.0,1500.0,10.0,3222,37166,5.811619145497732,1,1,1,370.16025972366333,6.169337662061055
1619153832.0425162,120.0,650.0,191,2000,15,0.0,0.08568009573195054,121.9,500,1604.11683480831,121.9,8598.0,1500.0,10.0,3222,37605,5.811619145497732,1,1,1,372.1344702243805,6.202241170406341
1619153833.94864,120.0,650.0,191,2000,15,0.0,0.08568009573195054,121.9,500,1604.11683480831,121.9,8598.0,1500.0,10.0,3222,37605,5.811619145497732,1,1,1,374.04059410095215,6.234009901682536
1619153835.9797032,110.0,500.0,162,930,15,0.0,0.08474487112046292,106.6,500,1588.8065510543836,106.6,8598.0,1400.0,10.0,3222,38020,5.811619145497732,1,1,1,376.07165718078613,6.267860953013102
1619153838.031774,110.0,500.0,162,930,15,0.0,0.08474487112046292,106.6,500,1588.8065510543836,106.6,8598.0,1400.0,10.0,3222,38020,5.811619145497732,1,1,1,378.1237280368805,6.3020621339480085
1619153840.090338,130.0,810.0,235,1400,14,0.0,0.0838145778055252,95.7,500,1574.805558319042,95.7,8598.0,1400.0,10.0,3222,38442,5.860542836421534,1,1,1,380.1822919845581,6.336371533075968
1619153841.973501,130.0,810.0,235,1400,14,0.0,0.0838145778055252,95.7,500,1574.805558319042,95.7,8598.0,1400.0,10.0,3222,38442,5.860542836421534,1,1,1,382.0654549598694,6.36775758266449
1619153844.0665936,110.0,810.0,223,1400,14,0.0,0.08289808835258702,106.7,500,1558.750675696855,106.7,8598.0,1400.0,10.0,3222,38867,5.860542836421534,1,1,1,384.1585476398468,6.402642460664113
1619153845.9892352,110.0,810.0,223,1400,14,0.0,0.08289808835258702,106.7,500,1558.750675696855,106.7,8598.0,1400.0,10.0,3222,38867,5.860542836421534,1,1,1,386.0811891555786,6.43468648592631
1619153848.076999,70.0,250.0,95,1100,14,0.0,0.08196804721685153,107.8,500,1542.2778011777937,107.8,8598.0,1400.0,10.0,3222,39308,5.860542836421534,1,1,1,388.16895294189453,6.469482549031576
1619153850.0823264,70.0,250.0,95,1100,14,0.0,0.08196804721685153,107.8,500,1542.2778011777937,107.8,8598.0,1400.0,10.0,3222,39308,5.860542836421534,1,1,1,390.17428040504456,6.502904673417409
1619153852.0379941,57.0,190.0,80,1700,15,0.0,0.08117095782737946,107.8,500,1527.9396212197423,107.8,8598.0,1400.0,10.0,3222,39694,5.860542836421534,1,1,1,392.1299481391907,6.535499135653178
1619153854.0353303,66.0,770.0,170,1700,15,0.0,0.08076604918156068,106.1,500,1523.0246866970497,106.1,8598.0,1300.0,10.0,3222,39893,5.860542836421534,1,1,1,394.1272842884064,6.568788071473439
1619153856.0466032,66.0,770.0,170,1700,15,0.0,0.08076604918156068,106.1,500,1523.0246866970497,106.1,8598.0,1300.0,10.0,3222,39893,5.860542836421534,1,1,1,396.13855719566345,6.602309286594391
1619153857.969197,280.0,1200.0,375,1800,15,0.0,0.07991864272249231,99.9,500,1512.9812930247494,99.9,8598.0,1300.0,10.0,3222,40316,5.860542836421534,1,1,1,398.06115102767944,6.634352517127991
1619153860.070382,280.0,1200.0,375,1800,15,0.0,0.07991864272249231,99.9,500,1512.9812930247494,99.9,8598.0,1300.0,10.0,3222,40316,6.2249753637973715,1,1,1,400.1623361110687,6.6693722685178125
1619153862.0577197,280.0,1200.0,381,1800,15,0.0,0.0790907751976042,101.8,500,1498.4947996182439,101.8,8598.0,1300.0,10.0,3222,40738,6.2249753637973715,1,1,1,402.14967370033264,6.702494561672211
1619153864.0483844,280.0,1200.0,381,1800,15,0.0,0.0790907751976042,101.8,500,1498.4947996182439,101.8,8598.0,1300.0,10.0,3222,40738,6.2249753637973715,1,1,1,404.1403384208679,6.7356723070144655
1619153866.0420294,88.0,1100.0,218,1800,13,0.0,0.07831413154440718,107.7,500,1484.6561497576397,107.7,8598.0,1300.0,10.0,3222,41142,6.2249753637973715,1,1,1,406.13398337364197,6.768899722894033
1619153868.4892836,88.0,1100.0,218,1800,13,0.0,0.07831413154440718,107.7,500,1484.6561497576397,107.7,8598.0,1300.0,10.0,3222,41142,6.2249753637973715,1,1,1,408.58123755455017,6.809687292575836
1619153870.0643394,72.0,250.0,95,400,13,0.0,0.0774873139174142,111.3,500,1470.1805724163798,111.3,8598.0,1300.0,10.0,3222,41581,6.2249753637973715,1,1,1,410.1562933921814,6.835938223203024
1619153872.103692,72.0,250.0,95,400,13,0.0,0.0774873139174142,111.3,500,1470.1805724163798,111.3,8598.0,1300.0,10.0,3222,41581,6.2249753637973715,1,1,1,412.19564604759216,6.869927434126536
1619153874.0320075,85.0,280.0,113,460,13,0.0,0.0767416934619507,101.6,500,1457.1781202912289,101.6,8598.0,1200.0,10.0,3222,41985,6.2249753637973715,1,1,1,414.12396144866943,6.90206602414449
1619153876.1362,85.0,280.0,113,460,13,0.0,0.0767416934619507,101.6,500,1457.1781202912289,101.6,8598.0,1200.0,10.0,3222,41985,6.2249753637973715,1,1,1,416.2281539440155,6.937135899066925
1619153878.0220652,130.0,420.0,166,950,13,0.0,0.07604796072507553,106.0,500,1446.2024666864825,106.0,8598.0,1200.0,10.0,3222,42368,6.2249753637973715,1,1,1,418.1140191555023,6.9685669859250385
1619153879.9910085,130.0,420.0,166,950,13,0.0,0.07604796072507553,106.0,500,1446.2024666864825,106.0,8598.0,1200.0,10.0,3222,42368,7.200539602251345,1,1,1,420.08296251296997,7.0013827085494995
1619153882.0441787,190.0,780.0,264,1400,13,0.0,0.07556639617242834,106.8,100,1439.634384410242,106.8,8598.0,1200.0,10.0,3222,42638,7.200539602251345,1,1,1,422.13613271713257,7.0356022119522095
1619153884.038215,190.0,780.0,264,1400,13,0.0,0.07556639617242834,106.8,100,1439.634384410242,106.8,8598.0,1200.0,10.0,3222,42638,7.200539602251345,1,1,1,424.1301689147949,7.068836148579916
1619153886.0088487,250.0,850.0,322,1400,18,0.0,0.07542311383693438,75.2,100,1437.0262514499937,75.2,8598.0,1200.0,10.0,3222,42719,7.200539602251345,1,1,1,426.1008026599884,7.10168004433314
1619153887.9393933,250.0,850.0,322,1400,18,0.0,0.07542311383693438,75.2,100,1437.0262514499937,75.2,8598.0,1200.0,10.0,3222,42719,7.200539602251345,1,1,1,428.0313472747803,7.133855787913005
1619153889.9546793,47.0,520.0,105,1100,14,0.0,0.07525927310099972,39.5,100,1433.9959612539762,39.5,8598.0,1200.0,10.0,3222,42812,7.200539602251345,1,1,1,430.0466332435608,7.16744388739268
1619153891.9512827,47.0,520.0,105,1100,14,0.0,0.07525927310099972,39.5,100,1433.9959612539762,39.5,8598.0,1200.0,10.0,3222,42812,7.200539602251345,1,1,1,432.0432367324829,7.200720612208048
1619153893.9490833,32.0,77.0,36,210,12,0.0,0.07509439239267235,21.5,100,1430.9167845700565,21.5,8598.0,1200.0,10.0,3222,42906,7.200539602251345,1,1,1,434.0410373210907,7.234017288684845
1619153895.9423664,32.0,77.0,36,210,12,0.0,0.07509439239267235,21.5,100,1430.9167845700565,21.5,8598.0,1200.0,10.0,3222,42906,7.200539602251345,1,1,1,436.03432035446167,7.267238672574361
1619153897.9549413,28.0,65.0,33,210,12,0.0,0.0749528927350129,22.5,100,1428.285909441468,22.5,8598.0,1200.0,10.0,3222,42987,7.200539602251345,1,1,1,438.0468952655792,7.300781587759654
1619153899.9489,28.0,65.0,33,210,12,0.0,0.0749528927350129,22.5,100,1428.285909441468,22.5,8598.0,1200.0,10.0,3222,42987,3.0851761671804256,1,1,1,440.04085397720337,7.33401423295339
1619153901.9583824,27.0,300.0,61,740,13,0.0,0.07480324100944907,21.9,100,1425.6346023201759,21.9,8598.0,1200.0,10.0,3222,43073,3.0851761671804256,1,1,1,442.0503363609314,7.3675056060155235
1619153903.9695182,27.0,300.0,61,740,13,0.0,0.07480324100944907,21.9,100,1425.6346023201759,21.9,8598.0,1200.0,10.0,3222,43073,3.0851761671804256,1,1,1,444.0614721775055,7.401024536291758
1619153905.9708567,31.0,280.0,61,740,11,0.0,0.07461442267611505,21.8,100,1422.1323885185652,21.8,8598.0,1200.0,10.0,3222,43182,3.0851761671804256,1,1,1,446.06281065940857,7.434380177656809
1619153907.9593725,31.0,280.0,61,740,11,0.0,0.07461442267611505,21.8,100,1422.1323885185652,21.8,8598.0,1200.0,10.0,3222,43182,3.0851761671804256,1,1,1,448.0513265132904,7.46752210855484
1619153909.9645634,27.0,300.0,60,740,11,0.0,0.0745074461196929,23.1,100,1420.1234914673416,23.1,8598.0,1200.0,10.0,3222,43244,2.711186554301061,1,1,1,450.0565173625946,7.500941956043244
1619153911.9630513,27.0,300.0,60,740,11,0.0,0.0745074461196929,23.1,100,1420.1234914673416,23.1,8598.0,1200.0,10.0,3222,43244,2.711186554301061,1,1,1,452.05500531196594,7.534250088532766
1619153913.9687343,19.0,64.0,24,130,11,0.0,0.0743595661204708,22.0,100,1417.3415780675286,22.0,8598.0,1200.0,10.0,3222,43330,2.711186554301061,1,1,1,454.0606882572174,7.56767813762029
1619153915.9619267,19.0,64.0,24,130,11,0.0,0.0743595661204708,22.0,100,1417.3415780675286,22.0,8598.0,1200.0,10.0,3222,43330,2.711186554301061,1,1,1,456.0538806915283,7.600898011525472
1619153917.9716578,16.0,33.0,18,78,11,0.0,0.07422594913380022,19.1,100,1414.8287909547223,19.1,8598.0,1200.0,10.0,3222,43408,2.711186554301061,1,1,1,458.06361174583435,7.634393529097239
1619153919.968306,16.0,33.0,18,78,11,0.0,0.07422594913380022,19.1,100,1414.8287909547223,19.1,8598.0,1200.0,10.0,3222,43408,2.8568841698755603,1,1,1,460.06026005744934,7.667671000957489
1619153921.9790058,16.0,40.0,23,710,10,0.0,0.07406385766498862,21.5,100,1411.8043771293424,21.5,8598.0,1200.0,10.0,3222,43503,2.8568841698755603,1,1,1,462.07095980644226,7.701182663440704
1619153923.972016,16.0,40.0,23,710,10,0.0,0.07406385766498862,21.5,100,1411.8043771293424,21.5,8598.0,1200.0,10.0,3222,43503,2.8568841698755603,1,1,1,464.06397008895874,7.734399501482645
1619153925.975874,17.0,40.0,24,710,10,0.0,0.07392960396493965,21.4,100,1409.2828023953596,21.4,8598.0,1200.0,10.0,3222,43582,2.8568841698755603,1,1,1,466.0678279399872,7.767797132333119
1619153927.9911153,17.0,40.0,24,710,10,0.0,0.07392960396493965,21.4,100,1409.2828023953596,21.4,8598.0,1200.0,10.0,3222,43582,2.8568841698755603,1,1,1,468.0830693244934,7.801384488741557
1619153929.9803348,17.0,37.0,19,78,10,0.0,0.0737671138788406,22.3,100,1406.2262654716112,22.3,8598.0,1200.0,10.0,3222,43678,2.8568841698755603,1,1,1,470.0722887516022,7.834538145860036
1619153931.987613,17.0,37.0,19,78,10,0.0,0.0737671138788406,22.3,100,1406.2262654716112,22.3,8598.0,1200.0,10.0,3222,43678,2.8568841698755603,1,1,1,472.0795669555664,7.867992782592774
1619153933.979865,18.0,46.0,21,90,11,0.0,0.07363225010283833,21.6,100,1403.7015891115548,21.6,8598.0,1200.0,10.0,3222,43758,2.8568841698755603,1,1,1,474.07181906700134,7.9011969844500225
1619153935.9838452,18.0,46.0,21,90,11,0.0,0.07363225010283833,21.6,100,1403.7015891115548,21.6,8598.0,1200.0,10.0,3222,43758,2.8568841698755603,1,1,1,476.07579922676086,7.934596653779348
1619153937.9866772,22.0,59.0,26,98,12,0.0,0.07348279243733893,20.7,100,1400.915102402094,20.7,8598.0,1200.0,10.0,3222,43847,2.8568841698755603,1,2,1,478.07863116264343,7.967977186044057
1619153939.9841511,22.0,59.0,26,98,12,0.0,0.07348279243733893,20.7,100,1400.915102402094,20.7,8598.0,1200.0,10.0,3222,43847,2.997984266702363,2,2,1,480.07610511779785,8.001268418629964
1619153941.9897246,23.0,60.0,27,98,10,0.0,0.07335397504780986,22.2,50,1398.4960834622093,22.2,8598.0,1200.0,10.0,3222,43924,2.997984266702363,2,2,1,482.0816786289215,8.034694643815358
1619153943.9959989,21.0,55.0,25,98,10,0.0,0.07332559568512323,20.7,50,1397.9613264431384,20.7,8598.0,1200.0,10.0,3222,43941,2.997984266702363,2,2,2,484.08795285224915,8.068132547537486
1619153945.9891346,21.0,55.0,25,98,10,0.0,0.07332559568512323,20.7,50,1397.9613264431384,20.7,8598.0,1200.0,10.0,3222,43941,2.997984266702363,2,2,2,486.08108854293823,8.101351475715637
1619153948.0017521,16.0,41.0,19,95,10,0.0,0.07326557063919777,17.3,50,1396.831380227212,17.3,8598.0,1200.0,10.0,3222,43977,2.997984266702363,2,2,2,488.09370613098145,8.134895102183025
1619153949.998026,16.0,41.0,19,95,10,0.0,0.07326557063919777,17.3,50,1396.831380227212,17.3,8598.0,1200.0,10.0,3222,43977,2.6757432809852553,2,2,2,490.08997988700867,8.168166331450145
1619153952.018373,16.0,40.0,18,100,10,0.0,0.0731890148331554,10.9,50,1395.393328491094,10.9,8598.0,1100.0,10.0,3222,44023,2.6757432809852553,2,2,2,492.11032700538635,8.201838783423106
1619153953.9985778,16.0,40.0,18,100,10,0.0,0.0731890148331554,10.9,50,1395.393328491094,10.9,8598.0,1100.0,10.0,3222,44023,2.6757432809852553,2,2,2,494.0905318260193,8.234842197100322
1619153956.0020125,16.0,500.0,67,820,11,0.0,0.07310100735093929,10.1,50,1393.8654246813153,10.1,8598.0,1100.0,10.0,3222,44076,2.6757432809852553,2,2,2,496.0939664840698,8.268232774734496
1619153958.0029867,16.0,500.0,67,820,11,0.0,0.07310100735093929,10.1,50,1393.8654246813153,10.1,8598.0,1100.0,10.0,3222,44076,2.6757432809852553,2,2,2,498.09494066238403,8.301582344373067
1619153960.0061831,20.0,730.0,127,930,11,0.0,0.07302644998980078,11.5,50,1392.6394976886088,11.5,8598.0,1100.0,10.0,3222,44121,2.6757432809852553,2,2,2,500.09813714027405,8.334968952337901
1619153962.0114617,20.0,730.0,127,930,11,0.0,0.07302644998980078,11.5,50,1392.6394976886088,11.5,8598.0,1100.0,10.0,3222,44121,2.6757432809852553,2,2,2,502.10341572761536,8.368390262126923
1619153964.0278244,36.0,780.0,178,930,11,0.0,0.07295534824744135,12.1,50,1391.4260137975716,12.1,8598.0,1100.0,10.0,3222,44164,2.6757432809852553,2,2,2,504.1197783946991,8.401996306578319
1619153966.003216,36.0,780.0,178,930,11,0.0,0.07295534824744135,12.1,50,1391.4260137975716,12.1,8598.0,1100.0,10.0,3222,44164,4.106666919166164,2,2,2,506.09517002105713,8.434919500350953
1619153968.0164468,30.0,600.0,138,930,10,0.0,0.07287943904094096,11.5,50,1390.012997721744,11.5,8598.0,1100.0,10.0,3222,44210,4.106666919166164,2,2,2,508.1084008216858,8.468473347028096
1619153970.007377,30.0,600.0,138,930,10,0.0,0.07287943904094096,11.5,50,1390.012997721744,11.5,8598.0,1100.0,10.0,3222,44210,3.2048888042723576,2,2,2,510.0993309020996,8.501655515034994
1619153972.0138924,24.0,440.0,65,600,10,0.0,0.07282507967362069,11.0,50,1388.9923259931481,11.0,8598.0,1100.0,10.0,3222,44243,3.2048888042723576,2,2,2,512.1058464050293,8.535097440083822
1619153974.0120885,24.0,440.0,65,600,10,0.0,0.07282507967362069,11.0,50,1388.9923259931481,11.0,8598.0,1100.0,10.0,3222,44243,3.2048888042723576,2,2,2,514.1040425300598,8.56840070883433
1619153976.0133665,19.0,45.0,21,59,10,0.0,0.07274615610394888,10.6,50,1387.5088377353732,10.6,8598.0,1100.0,10.0,3222,44291,3.979739104298956,2,2,2,516.1053204536438,8.601755340894064
1619153978.0177295,19.0,45.0,21,59,10,0.0,0.07274615610394888,10.6,50,1387.5088377353732,10.6,8598.0,1100.0,10.0,3222,44291,3.979739104298956,2,2,2,518.1096835136414,8.635161391894023
1619153980.018566,17.0,40.0,20,59,10,0.0,0.07267559886317498,10.0,50,1386.1834166071574,10.0,8598.0,1100.0,10.0,3222,44334,4.385572570915456,2,2,2,520.1105198860168,8.668508664766948
1619153982.0136817,17.0,40.0,20,59,10,0.0,0.07267559886317498,10.0,50,1386.1834166071574,10.0,8598.0,1100.0,10.0,3222,44334,4.385572570915456,2,2,2,522.1056356430054,8.70176059405009
1619153984.021747,19.0,270.0,49,670,10,0.0,0.07260354229573213,10.9,50,1384.8968165748631,10.9,8598.0,1100.0,10.0,3222,44378,4.385572570915456,2,2,2,524.1137011051178,8.735228351751964
1619153986.0127747,19.0,270.0,49,670,10,0.0,0.07260354229573213,10.9,50,1384.8968165748631,10.9,8598.0,1100.0,10.0,3222,44378,4.385572570915456,2,2,2,526.1047286987305,8.768412144978841
1619153988.022835,18.0,270.0,47,670,11,0.0,0.07253979332237656,10.5,50,1383.6963499205574,10.5,8598.0,1100.0,10.0,3222,44417,4.385572570915456,2,2,2,528.1147890090942,8.80191315015157
1619153990.0197675,18.0,270.0,47,670,11,0.0,0.07253979332237656,10.5,50,1383.6963499205574,10.5,8598.0,1100.0,10.0,3222,44417,4.228719963116962,2,2,2,530.1117215156555,8.835195358594259
1619153992.0262578,16.0,32.0,18,67,11,0.0,0.07246474596855813,9.8,50,1382.284610114435,9.8,8598.0,1100.0,10.0,3222,44463,4.228719963116962,2,2,2,532.1182117462158,8.868636862436931
1619153994.1378589,16.0,32.0,18,67,11,0.0,0.07246474596855813,9.8,50,1382.284610114435,9.8,8598.0,1100.0,10.0,3222,44463,4.228719963116962,2,2,2,534.2298128604889,8.90383021434148
1619153996.0274396,20.0,290.0,57,740,11,0.0,0.07239473329438727,10.7,50,1381.0550470782514,10.7,8598.0,1100.0,10.0,3222,44506,3.689111006128754,2,2,2,536.1193935871124,8.935323226451874
1619153998.0324757,20.0,290.0,57,740,11,0.0,0.07239473329438727,10.7,50,1381.0550470782514,10.7,8598.0,1100.0,10.0,3222,44506,3.689111006128754,2,2,2,538.1244297027588,8.96874049504598
1619154000.0315802,26.0,470.0,78,820,11,0.0,0.07231349313223809,10.9,50,1379.5732621873608,10.9,8598.0,1100.0,10.0,3222,44556,4.204246855393082,2,2,2,540.1235342025757,9.00205890337626
1619154002.0432172,26.0,470.0,78,820,11,0.0,0.07231349313223809,10.9,50,1379.5732621873608,10.9,8598.0,1100.0,10.0,3222,44556,4.204246855393082,2,2,2,542.135171175003,9.03558618625005
1619154004.0373611,24.0,120.0,47,820,11,0.0,0.07223405447819752,11.9,50,1378.1000595955725,11.9,8598.0,1100.0,10.0,3222,44605,4.204246855393082,2,2,2,544.1293151378632,9.068821918964385
1619154006.0267687,24.0,120.0,47,820,11,0.0,0.07223405447819752,11.9,50,1378.1000595955725,11.9,8598.0,1100.0,10.0,3222,44605,4.204246855393082,2,2,2,546.1187226772308,9.101978711287181
1619154008.0370097,24.0,120.0,52,880,11,0.0,0.07215640606454214,12.7,50,1376.6774193940653,12.7,8598.0,1100.0,10.0,3222,44653,4.204246855393082,2,2,2,548.1289637088776,9.135482728481293
1619154010.0291536,24.0,120.0,52,880,11,0.0,0.07215640606454214,12.7,50,1376.6774193940653,12.7,8598.0,1100.0,10.0,3222,44653,3.934166176441046,2,2,2,550.1211075782776,9.168685126304627
1619154012.1465895,24.0,120.0,46,880,12,0.0,0.07209666592078764,11.3,50,1375.5594377573075,11.3,8598.0,1100.0,10.0,3222,44690,3.934166176441046,2,2,2,552.238543510437,9.203975725173951
1619154014.0399487,24.0,120.0,46,880,12,0.0,0.07209666592078764,11.3,50,1375.5594377573075,11.3,8598.0,1100.0,10.0,3222,44690,3.934166176441046,2,2,2,554.1319026947021,9.23553171157837
1619154016.038298,32.0,670.0,114,1000,12,0.0,0.07203380357262626,10.5,50,1374.5528094934778,10.5,8598.0,1100.0,10.0,3222,44729,3.798818092634365,2,2,2,556.1302518844604,9.268837531407675
1619154018.037247,32.0,670.0,114,1000,12,0.0,0.07203380357262626,10.5,50,1374.5528094934778,10.5,8598.0,1100.0,10.0,3222,44729,3.798818092634365,2,2,2,558.1292009353638,9.30215334892273
1619154020.0452573,35.0,750.0,171,1000,12,0.0,0.07194855075700059,10.4,50,1373.1319966102226,10.4,8598.0,1100.0,10.0,3222,44782,3.798818092634365,2,2,2,560.1372113227844,9.335620188713074
1619154022.0466483,35.0,750.0,171,1000,12,0.0,0.07194855075700059,10.4,50,1373.1319966102226,10.4,8598.0,1100.0,10.0,3222,44782,3.798818092634365,2,2,2,562.1386022567749,9.368976704279582
1619154024.076988,26.0,850.0,159,1000,12,0.0,0.07189877937205721,11.5,50,1372.2043992303766,11.5,8598.0,1100.0,10.0,3222,44813,3.798818092634365,2,2,2,564.1689419746399,9.402815699577332
1619154026.0405812,26.0,850.0,159,1000,12,0.0,0.07189877937205721,11.5,50,1372.2043992303766,11.5,8598.0,1100.0,10.0,3222,44813,3.782149161763424,2,2,2,566.1325352191925,9.435542253653209
1619154028.117878,36.0,680.0,131,950,12,0.0,0.07182024876287281,11.2,50,1370.9429371523033,11.2,8598.0,1100.0,10.0,3222,44862,3.782149161763424,2,2,2,568.2098319530487,9.470163865884144
1619154030.044604,36.0,680.0,131,950,12,0.0,0.07182024876287281,11.2,50,1370.9429371523033,11.2,8598.0,1100.0,10.0,3222,44862,3.3459012461793844,2,2,2,570.1365580558777,9.502275967597962
1619154032.0526683,22.0,670.0,112,950,11,0.0,0.07173869480996593,10.6,50,1369.4069948649744,10.6,8598.0,1100.0,10.0,3222,44913,3.3459012461793844,2,2,2,572.1446223258972,9.53574370543162
1619154034.048807,22.0,670.0,112,950,11,0.0,0.07173869480996593,10.6,50,1369.4069948649744,10.6,8598.0,1100.0,10.0,3222,44913,3.3459012461793844,2,2,2,574.1407608985901,9.569012681643168
1619154036.0491097,17.0,470.0,57,610,10,0.0,0.07167167167167167,11.5,50,1368.2325312264281,11.5,8598.0,1100.0,10.0,3222,44955,3.3459012461793844,2,2,2,576.1410636901855,9.602351061503093
1619154038.0555267,17.0,470.0,57,610,10,0.0,0.07167167167167167,11.5,50,1368.2325312264281,11.5,8598.0,1100.0,10.0,3222,44955,3.3459012461793844,2,2,2,578.1474807262421,9.635791345437367
1619154040.0581083,17.0,470.0,59,610,10,0.0,0.07160477365157678,12.1,50,1366.971179098876,12.1,8598.0,1100.0,10.0,3222,44997,3.3459012461793844,2,2,2,580.1500623226166,9.669167705376942
1619154042.0574727,17.0,470.0,59,610,10,0.0,0.07160477365157678,12.1,50,1366.971179098876,12.1,8598.0,1100.0,10.0,3222,44997,3.3459012461793844,2,2,2,582.1494266986847,9.702490444978078
1619154044.0715628,16.0,38.0,17,44,10,0.0,0.07154753181000599,10.4,50,1365.8932262223268,10.4,8598.0,1100.0,10.0,3222,45033,3.3459012461793844,2,2,2,584.1635167598724,9.736058612664541
1619154046.0546553,16.0,38.0,17,44,10,0.0,0.07154753181000599,10.4,50,1365.8932262223268,10.4,8598.0,1100.0,10.0,3222,45033,3.306038079333447,2,2,2,586.1466093063354,9.76911015510559
1619154048.066931,18.0,54.0,29,620,11,0.0,0.07146501053565488,9.5,50,1364.3639369048794,9.5,8598.0,1100.0,10.0,3222,45085,3.306038079333447,2,2,2,588.1588850021362,9.802648083368938
1619154050.0594747,18.0,54.0,29,620,11,0.0,0.07146501053565488,9.5,50,1364.3639369048794,9.5,8598.0,1100.0,10.0,3222,45085,3.4845391521149325,2,2,2,590.1514286994934,9.835857144991557
1619154052.1376824,23.0,59.0,34,620,12,0.0,0.0714016620498615,11.0,50,1363.180174765164,11.0,8598.0,1100.0,10.0,3222,45125,3.4845391521149325,2,2,2,592.2296364307404,9.87049394051234
1619154054.1271825,23.0,59.0,34,620,12,0.0,0.0714016620498615,11.0,50,1363.180174765164,11.0,8598.0,1100.0,10.0,3222,45125,3.4845391521149325,2,2,2,594.2191364765167,9.903652274608612
1619154056.131702,35.0,130.0,50,620,12,0.0,0.07134000531396688,11.1,50,1362.0593397704565,11.1,8598.0,1100.0,10.0,3222,45164,3.4699683297025867,2,2,2,596.2236559391022,9.937060932318369
1619154058.0617177,35.0,130.0,50,620,12,0.0,0.07134000531396688,11.1,50,1362.0593397704565,11.1,8598.0,1100.0,10.0,3222,45164,3.4699683297025867,2,2,2,598.1536717414856,9.969227862358093
1619154060.066748,45.0,130.0,50,230,14,0.0,0.07126584238349075,10.1,50,1360.6869999291876,10.1,8598.0,1100.0,10.0,3222,45211,6.056993636363051,2,2,2,600.1587018966675,10.002645031611126
